{"accuracy": [0.13253968954086304, 0.4452380836009979, 0.6420634984970093, 0.7515873312950134, 0.815079391002655, 0.8500000238418579, 0.8730158805847168, 0.9150793552398682, 0.9246031641960144, 0.9388889074325562, 0.9396825432777405, 0.9579365253448486, 0.9452381134033203, 0.9555555582046509, 0.9634920358657837, 0.9634920358657837, 0.976190447807312, 0.9674603343009949, 0.9730158448219299, 0.970634937286377, 0.9809523820877075, 0.9777777791023254, 0.9833333492279053, 0.9841269850730896, 0.9873015880584717, 0.9785714149475098, 0.9785714149475098, 0.9865079522132874, 0.9833333492279053, 0.9849206209182739, 0.9833333492279053, 0.9865079522132874, 0.9833333492279053, 0.9865079522132874, 0.988095223903656, 0.9873015880584717, 0.9849206209182739, 0.9888888597488403, 0.9936507940292358, 0.9896825551986694, 0.9904761910438538, 0.9912698268890381, 0.9960317611694336, 0.9944444298744202, 0.9904761910438538, 0.9936507940292358, 0.988095223903656, 0.9944444298744202], "loss": [3.2901034355163574, 1.9290591478347778, 1.2307785749435425, 0.8468802571296692, 0.6296188235282898, 0.4916944205760956, 0.4268907308578491, 0.3209645748138428, 0.2781590521335602, 0.2321792095899582, 0.21375542879104614, 0.15793967247009277, 0.17955119907855988, 0.15426458418369293, 0.14736664295196533, 0.11824769526720047, 0.10058759152889252, 0.11790324747562408, 0.11146973073482513, 0.10051832348108292, 0.0786726325750351, 0.07741069048643112, 0.0642191544175148, 0.06755926460027695, 0.056218259036540985, 0.07322376221418381, 0.07287556678056717, 0.06367744505405426, 0.05398765951395035, 0.05827820301055908, 0.05673098564147949, 0.054276153445243835, 0.05700280889868736, 0.0477575808763504, 0.0455847904086113, 0.04926339164376259, 0.04700082540512085, 0.03534391522407532, 0.027622804045677185, 0.035739898681640625, 0.03409418836236, 0.031977396458387375, 0.026738254353404045, 0.022761011496186256, 0.033161528408527374, 0.028687210753560066, 0.03510062023997307, 0.025080332532525063], "val_accuracy": [0.16296295821666718, 0.3222222328186035, 0.42592594027519226, 0.4962962865829468, 0.5555555820465088, 0.5888888835906982, 0.6333333253860474, 0.6259258985519409, 0.6666666865348816, 0.7111111283302307, 0.7629629373550415, 0.7740740776062012, 0.7925925850868225, 0.7777777910232544, 0.7851851582527161, 0.8185185194015503, 0.8222222328186035, 0.8629629611968994, 0.8481481671333313, 0.8925926089286804, 0.8814814686775208, 0.8888888955116272, 0.9037036895751953, 0.9074074029922485, 0.914814829826355, 0.9074074029922485, 0.9407407641410828, 0.9444444179534912, 0.9407407641410828, 0.9481481313705444, 0.9592592716217041, 0.9592592716217041, 0.9555555582046509, 0.9592592716217041, 0.9518518447875977, 0.9444444179534912, 0.9629629850387573, 0.970370352268219, 0.9592592716217041, 0.9666666388511658, 0.9629629850387573, 0.9592592716217041, 0.9629629850387573, 0.9629629850387573, 0.9666666388511658, 0.970370352268219, 0.9629629850387573, 0.9666666388511658], "val_loss": [2.8000259399414062, 2.076803684234619, 1.7906832695007324, 1.5119520425796509, 1.333743929862976, 1.1896002292633057, 1.070581078529358, 1.0653355121612549, 0.9030874371528625, 0.8598311543464661, 0.6850398778915405, 0.6712169647216797, 0.6286645531654358, 0.6164658069610596, 0.5628459453582764, 0.5492247939109802, 0.4860556125640869, 0.3999720513820648, 0.4021015763282776, 0.299028605222702, 0.2870441675186157, 0.3085967004299164, 0.29685530066490173, 0.2603352963924408, 0.24313656985759735, 0.2601427137851715, 0.17056125402450562, 0.1564854234457016, 0.1338426023721695, 0.15633893013000488, 0.16461704671382904, 0.14496839046478271, 0.11263161897659302, 0.1174386590719223, 0.14828190207481384, 0.14608001708984375, 0.11951575428247452, 0.09948258846998215, 0.1063452884554863, 0.09962870180606842, 0.10198110342025757, 0.11221754550933838, 0.10201835632324219, 0.09727644175291061, 0.09253183007240295, 0.08830763399600983, 0.08540099859237671, 0.08712491393089294], "learning_rate": [9.999999747378752e-05, 9.999999747378752e-05, 9.999999747378752e-05, 9.999999747378752e-05, 9.999999747378752e-05, 9.999999747378752e-05, 9.999999747378752e-05, 9.999999747378752e-05, 9.999999747378752e-05, 9.999999747378752e-05, 9.999999747378752e-05, 9.999999747378752e-05, 9.999999747378752e-05, 9.999999747378752e-05, 9.999999747378752e-05, 9.999999747378752e-05, 9.999999747378752e-05, 9.999999747378752e-05, 9.999999747378752e-05, 9.999999747378752e-05, 9.999999747378752e-05, 9.999999747378752e-05, 9.999999747378752e-05, 9.999999747378752e-05, 9.999999747378752e-05, 9.999999747378752e-05, 9.999999747378752e-05, 9.999999747378752e-05, 9.999999747378752e-05, 9.999999747378752e-05, 9.999999747378752e-05, 9.999999747378752e-05, 9.999999747378752e-05, 9.999999747378752e-05, 9.999999747378752e-05, 9.999999747378752e-05, 4.999999873689376e-05, 4.999999873689376e-05, 4.999999873689376e-05, 4.999999873689376e-05, 4.999999873689376e-05, 4.999999873689376e-05, 4.999999873689376e-05, 2.499999936844688e-05, 2.499999936844688e-05, 2.499999936844688e-05, 2.499999936844688e-05, 2.499999936844688e-05]}